[{"nombre":"cubo","posX":-262.79998779296877,"posY":-58.73500061035156,"posZ":300.239990234375,"sizeX":29.390975952148439,"sizeY":6.386470317840576,"sizeZ":71.7348403930664,"rotX":0.0,"rotY":0.0,"rotZ":0.0,"masa":0.0,"colliderX":0.0,"colliderY":0.0,"colliderZ":0.0,"colliderSizeX":29.390975952148439,"colliderSizeY":6.386470317840576,"colliderSizeZ":71.7348403930664,"tag":"PhysicEntity","hasChild":false},{"nombre":"RocketDrop","posX":-0.4699999988079071,"posY":-60.262001037597659,"posZ":293.6199951171875,"sizeX":2.5,"sizeY":2.5,"sizeZ":2.5,"rotX":0.0,"rotY":0.0,"rotZ":0.0,"masa":0.0,"colliderX":0.0,"colliderY":0.0,"colliderZ":0.0,"colliderSizeX":2.5,"colliderSizeY":2.5,"colliderSizeZ":2.5,"tag":"RocketLauncherDrop","hasChild":false},{"nombre":"cubo","posX":-55.29499816894531,"posY":-53.29999923706055,"posZ":393.42999267578127,"sizeX":5.148953437805176,"sizeY":16.49408721923828,"sizeZ":5.398261547088623,"rotX":0.0,"rotY":0.0,"rotZ":0.0,"masa":0.0,"colliderX":0.0,"colliderY":0.0,"colliderZ":0.0,"colliderSizeX":5.148953437805176,"colliderSizeY":16.49408721923828,"colliderSizeZ":5.398261547088623,"tag":"PhysicEntity","hasChild":false},{"nombre":"cubo","posX":-19.91900062561035,"posY":-51.417999267578128,"posZ":316.8399963378906,"sizeX":22.144500732421876,"sizeY":28.337692260742189,"sizeZ":5.023786544799805,"rotX":0.0,"rotY":0.0,"rotZ":0.0,"masa":0.0,"colliderX":0.0,"colliderY":0.0,"colliderZ":0.0,"colliderSizeX":22.144500732421876,"colliderSizeY":28.337692260742189,"colliderSizeZ":5.023786544799805,"tag":"PhysicEntity","hasChild":false},{"nombre":"PistolaDrop","posX":-248.8699951171875,"posY":-49.599998474121097,"posZ":-47.220001220703128,"sizeX":2.5,"sizeY":2.5,"sizeZ":2.5,"rotX":0.0,"rotY":0.0,"rotZ":0.0,"masa":0.0,"colliderX":0.0,"colliderY":0.0,"colliderZ":0.0,"colliderSizeX":2.5,"colliderSizeY":2.5,"colliderSizeZ":2.5,"tag":"PistolaDrop","hasChild":false},{"nombre":"cubo","posX":-18.917999267578126,"posY":-75.947998046875,"posZ":266.8599853515625,"sizeX":83.43399047851563,"sizeY":4.171699047088623,"sizeZ":25.255882263183595,"rotX":0.0,"rotY":0.0,"rotZ":0.0,"masa":0.0,"colliderX":0.0,"colliderY":0.0,"colliderZ":0.0,"colliderSizeX":83.43399047851563,"colliderSizeY":4.171699047088623,"colliderSizeZ":25.255882263183595,"tag":"PhysicEntity","hasChild":false},{"nombre":"LifeObject","posX":-257.2200012207031,"posY":-49.599998474121097,"posZ":-27.469999313354493,"sizeX":2.5,"sizeY":2.5,"sizeZ":2.5,"rotX":0.0,"rotY":0.0,"rotZ":0.0,"masa":0.0,"colliderX":0.0,"colliderY":0.0,"colliderZ":0.0,"colliderSizeX":2.5,"colliderSizeY":2.5,"colliderSizeZ":2.5,"tag":"LifeObject","hasChild":false},{"nombre":"cubo","posX":-124.12999725341797,"posY":-58.73500061035156,"posZ":418.6300048828125,"sizeX":22.2363224029541,"sizeY":6.386467933654785,"sizeZ":9.765043258666993,"rotX":0.0,"rotY":0.0,"rotZ":0.0,"masa":0.0,"colliderX":0.0,"colliderY":0.0,"colliderZ":0.0,"colliderSizeX":22.2363224029541,"colliderSizeY":6.386467933654785,"colliderSizeZ":9.765043258666993,"tag":"PhysicEntity","hasChild":false},{"nombre":"cubo","posX":-1.847100019454956,"posY":-18.01099967956543,"posZ":317.6099853515625,"sizeX":4.1142778396606449,"sizeY":4.8798747062683109,"sizeZ":4.313488006591797,"rotX":0.0,"rotY":0.0,"rotZ":0.0,"masa":0.0,"colliderX":0.0,"colliderY":0.0,"colliderZ":0.0,"colliderSizeX":4.1142778396606449,"colliderSizeY":4.8798747062683109,"colliderSizeZ":4.313488006591797,"tag":"PhysicEntity","hasChild":false},{"nombre":"LifeObject","posX":-17.049999237060548,"posY":-60.262001037597659,"posZ":290.1400146484375,"sizeX":2.5,"sizeY":2.5,"sizeZ":2.5,"rotX":0.0,"rotY":0.0,"rotZ":0.0,"masa":0.0,"colliderX":0.0,"colliderY":0.0,"colliderZ":0.0,"colliderSizeX":2.5,"colliderSizeY":2.5,"colliderSizeZ":2.5,"tag":"LifeObject","hasChild":false},{"nombre":"cubo","posX":-19.91900062561035,"posY":-26.80500030517578,"posZ":286.6300048828125,"sizeX":22.144500732421876,"sizeY":4.126273155212402,"sizeZ":35.2852668762207,"rotX":0.0,"rotY":0.0,"rotZ":0.0,"masa":0.0,"colliderX":0.0,"colliderY":0.0,"colliderZ":0.0,"colliderSizeX":22.144500732421876,"colliderSizeY":4.126273155212402,"colliderSizeZ":35.2852668762207,"tag":"PhysicEntity","hasChild":false},{"nombre":"AsaltoDrop","posX":-22.2549991607666,"posY":-20.940000534057618,"posZ":294.29998779296877,"sizeX":2.5,"sizeY":2.5,"sizeZ":2.5,"rotX":0.0,"rotY":0.0,"rotZ":0.0,"masa":0.0,"colliderX":0.0,"colliderY":0.0,"colliderZ":0.0,"colliderSizeX":2.5,"colliderSizeY":2.5,"colliderSizeZ":2.5,"tag":"AsaltoDrop","hasChild":false},{"nombre":"cubo","posX":-238.39999389648438,"posY":-34.20000076293945,"posZ":138.1999969482422,"sizeX":22.14451026916504,"sizeY":28.337688446044923,"sizeZ":5.023792743682861,"rotX":0.0,"rotY":90.0,"rotZ":0.0,"masa":0.0,"colliderX":0.0,"colliderY":0.0,"colliderZ":0.0,"colliderSizeX":22.14451026916504,"colliderSizeY":28.337688446044923,"colliderSizeZ":5.023792743682861,"tag":"PhysicEntity","hasChild":false},{"nombre":"cubo","posX":19.299999237060548,"posY":-35.79999923706055,"posZ":106.5,"sizeX":62.56687545776367,"sizeY":5.796614646911621,"sizeZ":28.834909439086915,"rotX":0.0,"rotY":0.0,"rotZ":0.0,"masa":0.0,"colliderX":0.0,"colliderY":0.0,"colliderZ":0.0,"colliderSizeX":62.56687545776367,"colliderSizeY":5.796614646911621,"colliderSizeZ":28.834909439086915,"tag":"PhysicEntity","hasChild":false},{"nombre":"Spawn","posX":-16.600000381469728,"posY":-57.79600143432617,"posZ":283.20001220703127,"sizeX":0.8343399167060852,"sizeY":0.8343397974967957,"sizeZ":0.8343397974967957,"rotX":0.0,"rotY":0.0,"rotZ":0.0,"masa":0.0,"colliderX":0.0,"colliderY":0.0,"colliderZ":0.0,"colliderSizeX":0.8343399167060852,"colliderSizeY":0.8343397974967957,"colliderSizeZ":0.8343397974967957,"tag":"Spawn","hasChild":false},{"nombre":"cubo","posX":0.10525000095367432,"posY":-53.29999923706055,"posZ":342.2799987792969,"sizeX":5.148953437805176,"sizeY":16.49408721923828,"sizeZ":5.398261547088623,"rotX":0.0,"rotY":0.0,"rotZ":0.0,"masa":0.0,"colliderX":0.0,"colliderY":0.0,"colliderZ":0.0,"colliderSizeX":5.148953437805176,"colliderSizeY":16.49408721923828,"colliderSizeZ":5.398261547088623,"tag":"PhysicEntity","hasChild":false},{"nombre":"cubo","posX":114.4000015258789,"posY":-67.85399627685547,"posZ":222.5,"sizeX":29.072019577026368,"sizeY":4.1717000007629398,"sizeZ":28.884807586669923,"rotX":0.0,"rotY":340.0,"rotZ":0.0,"masa":0.0,"colliderX":0.0,"colliderY":0.0,"colliderZ":0.0,"colliderSizeX":29.072019577026368,"colliderSizeY":4.1717000007629398,"colliderSizeZ":28.884807586669923,"tag":"PhysicEntity","hasChild":false},{"nombre":"cubo","posX":-21.003999710083009,"posY":-29.14900016784668,"posZ":228.97999572753907,"sizeX":10.428685188293457,"sizeY":2.869901418685913,"sizeZ":11.479612350463868,"rotX":20.0,"rotY":180.0,"rotZ":0.0,"masa":0.0,"colliderX":0.0,"colliderY":0.0,"colliderZ":0.0,"colliderSizeX":10.428685188293457,"colliderSizeY":2.869901418685913,"colliderSizeZ":11.479612350463868,"tag":"PhysicEntity","hasChild":false},{"nombre":"cubo","posX":-127.5999984741211,"posY":-111.4000015258789,"posZ":280.79998779296877,"sizeX":11.203689575195313,"sizeY":28.776874542236329,"sizeZ":14.460801124572754,"rotX":0.0,"rotY":0.0,"rotZ":0.0,"masa":0.0,"colliderX":0.0,"colliderY":0.0,"colliderZ":0.0,"colliderSizeX":11.203689575195313,"colliderSizeY":28.776874542236329,"colliderSizeZ":14.460801124572754,"tag":"PhysicEntity","hasChild":false},{"nombre":"cubo","posX":86.19999694824219,"posY":-67.85399627685547,"posZ":303.94000244140627,"sizeX":21.808259963989259,"sizeY":4.1717000007629398,"sizeZ":15.442795753479004,"rotX":0.0,"rotY":0.0,"rotZ":0.0,"masa":0.0,"colliderX":0.0,"colliderY":0.0,"colliderZ":0.0,"colliderSizeX":21.808259963989259,"colliderSizeY":4.1717000007629398,"colliderSizeZ":15.442795753479004,"tag":"PhysicEntity","hasChild":false},{"nombre":"LifeObject","posX":-429.25,"posY":-4.099999904632568,"posZ":38.959999084472659,"sizeX":2.5,"sizeY":2.5,"sizeZ":2.5,"rotX":0.0,"rotY":0.0,"rotZ":0.0,"masa":0.0,"colliderX":0.0,"colliderY":0.0,"colliderZ":0.0,"colliderSizeX":2.5,"colliderSizeY":2.5,"colliderSizeZ":2.5,"tag":"LifeObject","hasChild":false},{"nombre":"cubo","posX":-365.8999938964844,"posY":-38.79999923706055,"posZ":-33.70000076293945,"sizeX":20.808109283447267,"sizeY":19.1069393157959,"sizeZ":23.650590896606447,"rotX":0.0,"rotY":0.0,"rotZ":0.0,"masa":0.0,"colliderX":0.0,"colliderY":0.0,"colliderZ":0.0,"colliderSizeX":20.808109283447267,"colliderSizeY":19.1069393157959,"colliderSizeZ":23.650590896606447,"tag":"PhysicEntity","hasChild":false},{"nombre":"Spawn","posX":-222.8000030517578,"posY":-0.10899999737739563,"posZ":140.6999969482422,"sizeX":0.83433997631073,"sizeY":0.83433997631073,"sizeZ":0.83433997631073,"rotX":0.0,"rotY":0.0,"rotZ":0.0,"masa":0.0,"colliderX":0.0,"colliderY":0.0,"colliderZ":0.0,"colliderSizeX":0.83433997631073,"colliderSizeY":0.83433997631073,"colliderSizeZ":0.83433997631073,"tag":"Spawn","hasChild":false},{"nombre":"cubo","posX":71.9000015258789,"posY":-67.85399627685547,"posZ":332.0,"sizeX":22.490007400512697,"sizeY":4.1717000007629398,"sizeZ":31.417078018188478,"rotX":0.0,"rotY":0.0,"rotZ":0.0,"masa":0.0,"colliderX":0.0,"colliderY":0.0,"colliderZ":0.0,"colliderSizeX":22.490007400512697,"colliderSizeY":4.1717000007629398,"colliderSizeZ":31.417078018188478,"tag":"PhysicEntity","hasChild":false},{"nombre":"grafoG1","posX":5.278200149536133,"posY":-33.5629997253418,"posZ":404.94000244140627,"sizeX":0.8343399167060852,"sizeY":0.8343397974967957,"sizeZ":0.8343397974967957,"rotX":0.0,"rotY":0.0,"rotZ":0.0,"masa":0.0,"colliderX":0.0,"colliderY":0.0,"colliderZ":0.0,"colliderSizeX":0.8343399167060852,"colliderSizeY":0.8343397974967957,"colliderSizeZ":0.8343397974967957,"tag":"Grafo","hasChild":false},{"nombre":"cubo","posX":-355.29998779296877,"posY":-10.0,"posZ":92.0999984741211,"sizeX":96.13835144042969,"sizeY":4.215636730194092,"sizeZ":22.735631942749025,"rotX":0.0,"rotY":327.0055236816406,"rotZ":0.0,"masa":0.0,"colliderX":0.0,"colliderY":0.0,"colliderZ":0.0,"colliderSizeX":96.13835144042969,"colliderSizeY":4.215636730194092,"colliderSizeZ":22.735631942749025,"tag":"PhysicEntity","hasChild":false},{"nombre":"cubo","posX":-310.20001220703127,"posY":-58.73500061035156,"posZ":18.299999237060548,"sizeX":76.79548645019531,"sizeY":6.386469841003418,"sizeZ":75.90670776367188,"rotX":0.0,"rotY":0.0,"rotZ":0.0,"masa":0.0,"colliderX":0.0,"colliderY":0.0,"colliderZ":0.0,"colliderSizeX":76.79548645019531,"colliderSizeY":6.386469841003418,"colliderSizeZ":75.90670776367188,"tag":"PhysicEntity","hasChild":false},{"nombre":"cubo","posX":78.30000305175781,"posY":-68.0999984741211,"posZ":-15.699999809265137,"sizeX":123.3864517211914,"sizeY":28.493070602416993,"sizeZ":25.345457077026368,"rotX":0.0,"rotY":0.0,"rotZ":0.0,"masa":0.0,"colliderX":0.0,"colliderY":0.0,"colliderZ":0.0,"colliderSizeX":123.3864517211914,"colliderSizeY":28.493070602416993,"colliderSizeZ":25.345457077026368,"tag":"PhysicEntity","hasChild":false},{"nombre":"LifeObject","posX":-21.899999618530275,"posY":-27.559999465942384,"posZ":118.69000244140625,"sizeX":2.5,"sizeY":2.5,"sizeZ":2.5,"rotX":0.0,"rotY":0.0,"rotZ":0.0,"masa":0.0,"colliderX":0.0,"colliderY":0.0,"colliderZ":0.0,"colliderSizeX":2.5,"colliderSizeY":2.5,"colliderSizeZ":2.5,"tag":"LifeObject","hasChild":false},{"nombre":"cubo","posX":-18.917999267578126,"posY":-67.85399627685547,"posZ":246.3300018310547,"sizeX":83.43399047851563,"sizeY":4.171699047088623,"sizeZ":7.95491361618042,"rotX":0.0,"rotY":0.0,"rotZ":0.0,"masa":0.0,"colliderX":0.0,"colliderY":0.0,"colliderZ":0.0,"colliderSizeX":83.43399047851563,"colliderSizeY":4.171699047088623,"colliderSizeZ":7.95491361618042,"tag":"PhysicEntity","hasChild":false},{"nombre":"Spawn","posX":114.9800033569336,"posY":-33.854000091552737,"posZ":133.74000549316407,"sizeX":0.83433997631073,"sizeY":0.83433997631073,"sizeZ":0.83433997631073,"rotX":0.0,"rotY":0.0,"rotZ":0.0,"masa":0.0,"colliderX":0.0,"colliderY":0.0,"colliderZ":0.0,"colliderSizeX":0.83433997631073,"colliderSizeY":0.83433997631073,"colliderSizeZ":0.83433997631073,"tag":"Spawn","hasChild":false},{"nombre":"AsaltoDrop","posX":-1.8200000524520875,"posY":-27.8799991607666,"posZ":116.31999969482422,"sizeX":2.5,"sizeY":2.5,"sizeZ":2.5,"rotX":0.0,"rotY":0.0,"rotZ":0.0,"masa":0.0,"colliderX":0.0,"colliderY":0.0,"colliderZ":0.0,"colliderSizeX":2.5,"colliderSizeY":2.5,"colliderSizeZ":2.5,"tag":"AsaltoDrop","hasChild":false},{"nombre":"AsaltoDrop","posX":-159.88999938964845,"posY":-50.02000045776367,"posZ":388.6700134277344,"sizeX":2.5,"sizeY":2.5,"sizeZ":2.5,"rotX":0.0,"rotY":0.0,"rotZ":0.0,"masa":0.0,"colliderX":0.0,"colliderY":0.0,"colliderZ":0.0,"colliderSizeX":2.5,"colliderSizeY":2.5,"colliderSizeZ":2.5,"tag":"AsaltoDrop","hasChild":false},{"nombre":"cubo","posX":-182.8000030517578,"posY":-67.80000305175781,"posZ":72.30000305175781,"sizeX":14.679769515991211,"sizeY":29.017929077148439,"sizeZ":12.838319778442383,"rotX":0.0,"rotY":0.0,"rotZ":0.0,"masa":0.0,"colliderX":0.0,"colliderY":0.0,"colliderZ":0.0,"colliderSizeX":14.679769515991211,"colliderSizeY":29.017929077148439,"colliderSizeZ":12.838319778442383,"tag":"PhysicEntity","hasChild":false},{"nombre":"cubo","posX":-20.00200080871582,"posY":-35.79999923706055,"posZ":176.5,"sizeX":22.960002899169923,"sizeY":5.7966132164001469,"sizeZ":43.26368713378906,"rotX":0.0,"rotY":0.0,"rotZ":0.0,"masa":0.0,"colliderX":0.0,"colliderY":0.0,"colliderZ":0.0,"colliderSizeX":22.960002899169923,"colliderSizeY":5.7966132164001469,"colliderSizeZ":43.26368713378906,"tag":"PhysicEntity","hasChild":false},{"nombre":"cubo","posX":110.30000305175781,"posY":-67.85399627685547,"posZ":279.0,"sizeX":24.388050079345704,"sizeY":4.1717000007629398,"sizeZ":40.376041412353519,"rotX":0.0,"rotY":0.0,"rotZ":0.0,"masa":0.0,"colliderX":0.0,"colliderY":0.0,"colliderZ":0.0,"colliderSizeX":24.388050079345704,"colliderSizeY":4.1717000007629398,"colliderSizeZ":40.376041412353519,"tag":"PhysicEntity","hasChild":false},{"nombre":"cubo","posX":-380.7799987792969,"posY":-46.88999938964844,"posZ":86.0199966430664,"sizeX":6.16855001449585,"sizeY":7.316409587860107,"sizeZ":8.207969665527344,"rotX":0.0,"rotY":0.0,"rotZ":0.0,"masa":0.0,"colliderX":0.0,"colliderY":0.0,"colliderZ":0.0,"colliderSizeX":6.16855001449585,"colliderSizeY":7.316409587860107,"colliderSizeZ":8.207969665527344,"tag":"PhysicEntity","hasChild":false},{"nombre":"cubo","posX":132.39999389648438,"posY":-44.900001525878909,"posZ":125.4000015258789,"sizeX":64.37014770507813,"sizeY":4.1717000007629398,"sizeZ":27.48135757446289,"rotX":0.0,"rotY":160.0,"rotZ":0.0,"masa":0.0,"colliderX":0.0,"colliderY":0.0,"colliderZ":0.0,"colliderSizeX":64.37014770507813,"colliderSizeY":4.1717000007629398,"colliderSizeZ":27.48135757446289,"tag":"PhysicEntity","hasChild":false},{"nombre":"cubo","posX":-42.44599914550781,"posY":-53.29999923706055,"posZ":342.2799987792969,"sizeX":5.148953437805176,"sizeY":16.49408721923828,"sizeZ":5.398261547088623,"rotX":0.0,"rotY":0.0,"rotZ":0.0,"masa":0.0,"colliderX":0.0,"colliderY":0.0,"colliderZ":0.0,"colliderSizeX":5.148953437805176,"colliderSizeY":16.49408721923828,"colliderSizeZ":5.398261547088623,"tag":"PhysicEntity","hasChild":false},{"nombre":"cubo","posX":-203.5,"posY":-87.5999984741211,"posZ":-8.399999618530274,"sizeX":14.679769515991211,"sizeY":29.017929077148439,"sizeZ":12.838319778442383,"rotX":0.0,"rotY":0.0,"rotZ":0.0,"masa":0.0,"colliderX":0.0,"colliderY":0.0,"colliderZ":0.0,"colliderSizeX":14.679769515991211,"colliderSizeY":29.017929077148439,"colliderSizeZ":12.838319778442383,"tag":"PhysicEntity","hasChild":false},{"nombre":"cubo","posX":41.099998474121097,"posY":-67.85399627685547,"posZ":169.60000610351563,"sizeX":83.43399810791016,"sizeY":4.1717000007629398,"sizeZ":70.00760650634766,"rotX":0.0,"rotY":0.0,"rotZ":0.0,"masa":0.0,"colliderX":0.0,"colliderY":0.0,"colliderZ":0.0,"colliderSizeX":83.43399810791016,"colliderSizeY":4.1717000007629398,"colliderSizeZ":70.00760650634766,"tag":"PhysicEntity","hasChild":false},{"nombre":"cubo","posX":-118.95999908447266,"posY":-61.946998596191409,"posZ":393.7699890136719,"sizeX":15.159156799316407,"sizeY":4.171699047088623,"sizeZ":16.68682098388672,"rotX":20.0,"rotY":90.0,"rotZ":0.0,"masa":0.0,"colliderX":0.0,"colliderY":0.0,"colliderZ":0.0,"colliderSizeX":15.159156799316407,"colliderSizeY":4.171699047088623,"colliderSizeZ":16.68682098388672,"tag":"PhysicEntity","hasChild":false},{"nombre":"cubo","posX":-18.917999267578126,"posY":-67.85399627685547,"posZ":358.3900146484375,"sizeX":83.43399047851563,"sizeY":4.171699047088623,"sizeZ":70.00760650634766,"rotX":0.0,"rotY":0.0,"rotZ":0.0,"masa":0.0,"colliderX":0.0,"colliderY":0.0,"colliderZ":0.0,"colliderSizeX":83.43399047851563,"colliderSizeY":4.171699047088623,"colliderSizeZ":70.00760650634766,"tag":"PhysicEntity","hasChild":false},{"nombre":"RocketDrop","posX":-18.333999633789064,"posY":-60.59600067138672,"posZ":418.6000061035156,"sizeX":2.5030198097229006,"sizeY":2.503019332885742,"sizeZ":2.503019332885742,"rotX":0.0,"rotY":0.0,"rotZ":0.0,"masa":0.0,"colliderX":0.0,"colliderY":0.0,"colliderZ":0.0,"colliderSizeX":2.5030198097229006,"colliderSizeY":2.503019332885742,"colliderSizeZ":2.503019332885742,"tag":"RocketLauncherDrop","hasChild":false},{"nombre":"Spawn","posX":-13.300000190734864,"posY":-23.091999053955079,"posZ":107.69999694824219,"sizeX":0.83433997631073,"sizeY":0.83433997631073,"sizeZ":0.83433997631073,"rotX":0.0,"rotY":0.0,"rotZ":0.0,"masa":0.0,"colliderX":0.0,"colliderY":0.0,"colliderZ":0.0,"colliderSizeX":0.83433997631073,"colliderSizeY":0.83433997631073,"colliderSizeZ":0.83433997631073,"tag":"Spawn","hasChild":false},{"nombre":"cubo","posX":-190.89999389648438,"posY":-85.0,"posZ":189.89999389648438,"sizeX":14.679764747619629,"sizeY":29.017927169799806,"sizeZ":12.838318824768067,"rotX":0.0,"rotY":0.0,"rotZ":0.0,"masa":0.0,"colliderX":0.0,"colliderY":0.0,"colliderZ":0.0,"colliderSizeX":14.679764747619629,"colliderSizeY":29.017927169799806,"colliderSizeZ":12.838318824768067,"tag":"PhysicEntity","hasChild":false},{"nombre":"cubo","posX":-35.630001068115237,"posY":-26.304000854492189,"posZ":226.05999755859376,"sizeX":13.46889877319336,"sizeY":3.8683829307556154,"sizeZ":6.446722507476807,"rotX":0.0,"rotY":90.0,"rotZ":0.0,"masa":0.0,"colliderX":0.0,"colliderY":0.0,"colliderZ":0.0,"colliderSizeX":13.46889877319336,"colliderSizeY":3.8683829307556154,"colliderSizeZ":6.446722507476807,"tag":"PhysicEntity","hasChild":false},{"nombre":"cubo","posX":-168.67999267578126,"posY":-58.73500061035156,"posZ":394.0899963378906,"sizeX":35.94094467163086,"sizeY":6.386470317840576,"sizeZ":34.773555755615237,"rotX":0.0,"rotY":0.0,"rotZ":0.0,"masa":0.0,"colliderX":0.0,"colliderY":0.0,"colliderZ":0.0,"colliderSizeX":35.94094467163086,"colliderSizeY":6.386470317840576,"colliderSizeZ":34.773555755615237,"tag":"PhysicEntity","hasChild":false},{"nombre":"Spawn","posX":-148.5,"posY":-45.16400146484375,"posZ":384.8999938964844,"sizeX":0.83433997631073,"sizeY":0.83433997631073,"sizeZ":0.83433997631073,"rotX":0.0,"rotY":0.0,"rotZ":0.0,"masa":0.0,"colliderX":0.0,"colliderY":0.0,"colliderZ":0.0,"colliderSizeX":0.83433997631073,"colliderSizeY":0.83433997631073,"colliderSizeZ":0.83433997631073,"tag":"Spawn","hasChild":false},{"nombre":"cubo","posX":-114.80000305175781,"posY":-59.29999923706055,"posZ":172.3000030517578,"sizeX":19.362525939941408,"sizeY":30.366840362548829,"sizeZ":17.72528839111328,"rotX":0.0,"rotY":0.0,"rotZ":0.0,"masa":0.0,"colliderX":0.0,"colliderY":0.0,"colliderZ":0.0,"colliderSizeX":19.362525939941408,"colliderSizeY":30.366840362548829,"colliderSizeZ":17.72528839111328,"tag":"PhysicEntity","hasChild":false},{"nombre":"cubo","posX":-380.5799865722656,"posY":-18.01099967956543,"posZ":-49.099998474121097,"sizeX":6.168546199798584,"sizeY":7.316410064697266,"sizeZ":8.207971572875977,"rotX":0.0,"rotY":0.0,"rotZ":0.0,"masa":0.0,"colliderX":0.0,"colliderY":0.0,"colliderZ":0.0,"colliderSizeX":6.168546199798584,"colliderSizeY":7.316410064697266,"colliderSizeZ":8.207971572875977,"tag":"PhysicEntity","hasChild":false},{"nombre":"cubo","posX":-38.02399826049805,"posY":-18.01099967956543,"posZ":317.6099853515625,"sizeX":4.1142802238464359,"sizeY":4.879878044128418,"sizeZ":4.313486576080322,"rotX":0.0,"rotY":0.0,"rotZ":0.0,"masa":0.0,"colliderX":0.0,"colliderY":0.0,"colliderZ":0.0,"colliderSizeX":4.1142802238464359,"colliderSizeY":4.879878044128418,"colliderSizeZ":4.313486576080322,"tag":"PhysicEntity","hasChild":false},{"nombre":"cubo","posX":84.80000305175781,"posY":-67.85399627685547,"posZ":364.5,"sizeX":17.715457916259767,"sizeY":4.1717000007629398,"sizeZ":64.64202880859375,"rotX":0.0,"rotY":327.1854553222656,"rotZ":0.0,"masa":0.0,"colliderX":0.0,"colliderY":0.0,"colliderZ":0.0,"colliderSizeX":17.715457916259767,"colliderSizeY":4.1717000007629398,"colliderSizeZ":64.64202880859375,"tag":"PhysicEntity","hasChild":false},{"nombre":"LifeObject","posX":-15.529999732971192,"posY":-20.940000534057618,"posZ":308.32000732421877,"sizeX":2.5,"sizeY":2.5,"sizeZ":2.5,"rotX":0.0,"rotY":0.0,"rotZ":0.0,"masa":0.0,"colliderX":0.0,"colliderY":0.0,"colliderZ":0.0,"colliderSizeX":2.5,"colliderSizeY":2.5,"colliderSizeZ":2.5,"tag":"LifeObject","hasChild":false},{"nombre":"cubo","posX":-171.85000610351563,"posY":-82.5999984741211,"posZ":315.5,"sizeX":12.879209518432618,"sizeY":28.71993064880371,"sizeZ":13.488253593444825,"rotX":0.0,"rotY":0.0,"rotZ":0.0,"masa":0.0,"colliderX":0.0,"colliderY":0.0,"colliderZ":0.0,"colliderSizeX":12.879209518432618,"colliderSizeY":28.71993064880371,"colliderSizeZ":13.488253593444825,"tag":"PhysicEntity","hasChild":false},{"nombre":"cubo","posX":-287.29998779296877,"posY":-34.20000076293945,"posZ":138.1999969482422,"sizeX":22.144502639770509,"sizeY":28.337688446044923,"sizeZ":5.0237908363342289,"rotX":0.0,"rotY":90.0,"rotZ":0.0,"masa":0.0,"colliderX":0.0,"colliderY":0.0,"colliderZ":0.0,"colliderSizeX":22.144502639770509,"colliderSizeY":28.337688446044923,"colliderSizeZ":5.0237908363342289,"tag":"PhysicEntity","hasChild":false},{"nombre":"cubo","posX":-242.1999969482422,"posY":-9.899999618530274,"posZ":138.3000030517578,"sizeX":22.144502639770509,"sizeY":4.126269817352295,"sizeZ":49.64593505859375,"rotX":0.0,"rotY":90.0,"rotZ":0.0,"masa":0.0,"colliderX":0.0,"colliderY":0.0,"colliderZ":0.0,"colliderSizeX":22.144502639770509,"colliderSizeY":4.126269817352295,"colliderSizeZ":49.64593505859375,"tag":"PhysicEntity","hasChild":false},{"nombre":"cubo","posX":-19.91900062561035,"posY":-50.83399963378906,"posZ":246.08999633789063,"sizeX":22.144500732421876,"sizeY":28.337692260742189,"sizeZ":7.546468257904053,"rotX":0.0,"rotY":0.0,"rotZ":0.0,"masa":0.0,"colliderX":0.0,"colliderY":0.0,"colliderZ":0.0,"colliderSizeX":22.144500732421876,"colliderSizeY":28.337692260742189,"colliderSizeZ":7.546468257904053,"tag":"PhysicEntity","hasChild":false},{"nombre":"Spawn","posX":-255.1999969482422,"posY":-45.5880012512207,"posZ":119.69999694824219,"sizeX":0.83433997631073,"sizeY":0.83433997631073,"sizeZ":0.83433997631073,"rotX":0.0,"rotY":0.0,"rotZ":0.0,"masa":0.0,"colliderX":0.0,"colliderY":0.0,"colliderZ":0.0,"colliderSizeX":0.83433997631073,"colliderSizeY":0.83433997631073,"colliderSizeZ":0.83433997631073,"tag":"Spawn","hasChild":false},{"nombre":"cubo","posX":-18.917999267578126,"posY":-56.0,"posZ":-208.89999389648438,"sizeX":83.43399047851563,"sizeY":4.171699047088623,"sizeZ":83.43397521972656,"rotX":20.0,"rotY":0.0,"rotZ":0.0,"masa":0.0,"colliderX":0.0,"colliderY":0.0,"colliderZ":0.0,"colliderSizeX":83.43399047851563,"colliderSizeY":4.171699047088623,"colliderSizeZ":83.43397521972656,"tag":"PhysicEntity","hasChild":false},{"nombre":"cubo","posX":152.1999969482422,"posY":-53.869998931884769,"posZ":183.0,"sizeX":22.236324310302736,"sizeY":13.126267433166504,"sizeZ":7.065220832824707,"rotX":0.0,"rotY":69.99999237060547,"rotZ":0.0,"masa":0.0,"colliderX":0.0,"colliderY":0.0,"colliderZ":0.0,"colliderSizeX":22.236324310302736,"colliderSizeY":13.126267433166504,"colliderSizeZ":7.065220832824707,"tag":"PhysicEntity","hasChild":false},{"nombre":"cubo","posX":132.39999389648438,"posY":-71.5,"posZ":125.4000015258789,"sizeX":64.37020874023438,"sizeY":25.907384872436525,"sizeZ":27.481386184692384,"rotX":0.0,"rotY":160.0,"rotZ":0.0,"masa":0.0,"colliderX":0.0,"colliderY":0.0,"colliderZ":0.0,"colliderSizeX":64.37020874023438,"colliderSizeY":25.907384872436525,"colliderSizeZ":27.481386184692384,"tag":"PhysicEntity","hasChild":false},{"nombre":"LifeObject","posX":-224.82000732421876,"posY":-4.940000057220459,"posZ":130.4499969482422,"sizeX":2.5,"sizeY":2.5,"sizeZ":2.5,"rotX":0.0,"rotY":0.0,"rotZ":0.0,"masa":0.0,"colliderX":0.0,"colliderY":0.0,"colliderZ":0.0,"colliderSizeX":2.5,"colliderSizeY":2.5,"colliderSizeZ":2.5,"tag":"LifeObject","hasChild":false},{"nombre":"Spawn","posX":-425.20001220703127,"posY":0.6389999985694885,"posZ":46.79999923706055,"sizeX":0.83433997631073,"sizeY":0.83433997631073,"sizeZ":0.83433997631073,"rotX":0.0,"rotY":0.0,"rotZ":0.0,"masa":0.0,"colliderX":0.0,"colliderY":0.0,"colliderZ":0.0,"colliderSizeX":0.83433997631073,"colliderSizeY":0.83433997631073,"colliderSizeZ":0.83433997631073,"tag":"Spawn","hasChild":false},{"nombre":"cubo","posX":-4.2332000732421879,"posY":-26.304000854492189,"posZ":226.05999755859376,"sizeX":13.468887329101563,"sizeY":3.868384599685669,"sizeZ":6.446713447570801,"rotX":0.0,"rotY":90.0,"rotZ":0.0,"masa":0.0,"colliderX":0.0,"colliderY":0.0,"colliderZ":0.0,"colliderSizeX":13.468887329101563,"colliderSizeY":3.868384599685669,"colliderSizeZ":6.446713447570801,"tag":"PhysicEntity","hasChild":false},{"nombre":"RocketDrop","posX":-230.77999877929688,"posY":-4.940000057220459,"posZ":144.74000549316407,"sizeX":2.5,"sizeY":2.5,"sizeZ":2.5,"rotX":0.0,"rotY":0.0,"rotZ":0.0,"masa":0.0,"colliderX":0.0,"colliderY":0.0,"colliderZ":0.0,"colliderSizeX":2.5,"colliderSizeY":2.5,"colliderSizeZ":2.5,"tag":"RocketLauncherDrop","hasChild":false},{"nombre":"cubo","posX":110.80000305175781,"posY":-53.869998931884769,"posZ":167.10000610351563,"sizeX":22.23632049560547,"sizeY":12.972668647766114,"sizeZ":6.70424747467041,"rotX":0.0,"rotY":69.99999237060547,"rotZ":0.0,"masa":0.0,"colliderX":0.0,"colliderY":0.0,"colliderZ":0.0,"colliderSizeX":22.23632049560547,"colliderSizeY":12.972668647766114,"colliderSizeZ":6.70424747467041,"tag":"PhysicEntity","hasChild":false},{"nombre":"LifeObject","posX":-149.44000244140626,"posY":-50.02000045776367,"posZ":377.1300048828125,"sizeX":2.5,"sizeY":2.5,"sizeZ":2.5,"rotX":0.0,"rotY":0.0,"rotZ":0.0,"masa":0.0,"colliderX":0.0,"colliderY":0.0,"colliderZ":0.0,"colliderSizeX":2.5,"colliderSizeY":2.5,"colliderSizeZ":2.5,"tag":"LifeObject","hasChild":false},{"nombre":"cubo","posX":71.69999694824219,"posY":-73.30000305175781,"posZ":271.70001220703127,"sizeX":15.159171104431153,"sizeY":4.1717000007629398,"sizeZ":16.686830520629884,"rotX":20.0,"rotY":270.0,"rotZ":0.0,"masa":0.0,"colliderX":0.0,"colliderY":0.0,"colliderZ":0.0,"colliderSizeX":15.159171104431153,"colliderSizeY":4.1717000007629398,"colliderSizeZ":16.686830520629884,"tag":"PhysicEntity","hasChild":false},{"nombre":"cubo","posX":19.299999237060548,"posY":-66.4000015258789,"posZ":106.5,"sizeX":62.56687545776367,"sizeY":31.692331314086915,"sizeZ":28.834909439086915,"rotX":0.0,"rotY":0.0,"rotZ":0.0,"masa":0.0,"colliderX":0.0,"colliderY":0.0,"colliderZ":0.0,"colliderSizeX":62.56687545776367,"colliderSizeY":31.692331314086915,"colliderSizeZ":28.834909439086915,"tag":"PhysicEntity","hasChild":false},{"nombre":"cubo","posX":-22.200000762939454,"posY":-77.5999984741211,"posZ":40.79999923706055,"sizeX":22.471248626708986,"sizeY":17.542421340942384,"sizeZ":35.75124740600586,"rotX":0.0,"rotY":0.0,"rotZ":0.0,"masa":0.0,"colliderX":0.0,"colliderY":0.0,"colliderZ":0.0,"colliderSizeX":22.471248626708986,"colliderSizeY":17.542421340942384,"colliderSizeZ":35.75124740600586,"tag":"PhysicEntity","hasChild":false},{"nombre":"cubo","posX":-100.30000305175781,"posY":-65.69999694824219,"posZ":17.200000762939454,"sizeX":14.679769515991211,"sizeY":29.017929077148439,"sizeZ":12.838319778442383,"rotX":0.0,"rotY":0.0,"rotZ":0.0,"masa":0.0,"colliderX":0.0,"colliderY":0.0,"colliderZ":0.0,"colliderSizeX":14.679769515991211,"colliderSizeY":29.017929077148439,"colliderSizeZ":12.838319778442383,"tag":"PhysicEntity","hasChild":false},{"nombre":"cubo","posX":82.9000015258789,"posY":-67.85399627685547,"posZ":246.3300018310547,"sizeX":21.808259963989259,"sizeY":4.1717000007629398,"sizeZ":7.954909801483154,"rotX":0.0,"rotY":0.0,"rotZ":0.0,"masa":0.0,"colliderX":0.0,"colliderY":0.0,"colliderZ":0.0,"colliderSizeX":21.808259963989259,"colliderSizeY":4.1717000007629398,"colliderSizeZ":7.954909801483154,"tag":"PhysicEntity","hasChild":false},{"nombre":"cubo","posX":-177.52000427246095,"posY":-94.3030014038086,"posZ":253.60000610351563,"sizeX":14.881312370300293,"sizeY":28.077943801879884,"sizeZ":16.870927810668947,"rotX":0.0,"rotY":0.0,"rotZ":0.0,"masa":0.0,"colliderX":0.0,"colliderY":0.0,"colliderZ":0.0,"colliderSizeX":14.881312370300293,"colliderSizeY":28.077943801879884,"colliderSizeZ":16.870927810668947,"tag":"PhysicEntity","hasChild":false},{"nombre":"Lifeobj","posX":-33.435001373291019,"posY":-60.59600067138672,"posZ":400.8999938964844,"sizeX":2.5030198097229006,"sizeY":2.503019332885742,"sizeZ":2.503019332885742,"rotX":0.0,"rotY":0.0,"rotZ":0.0,"masa":0.0,"colliderX":0.0,"colliderY":0.0,"colliderZ":0.0,"colliderSizeX":2.5030198097229006,"colliderSizeY":2.503019332885742,"colliderSizeZ":2.503019332885742,"tag":"LifeObject","hasChild":false},{"nombre":"cubo","posX":-426.20001220703127,"posY":-9.899999618530274,"posZ":9.0,"sizeX":22.144506454467775,"sizeY":4.126269817352295,"sizeZ":49.64596939086914,"rotX":0.0,"rotY":0.0,"rotZ":0.0,"masa":0.0,"colliderX":0.0,"colliderY":0.0,"colliderZ":0.0,"colliderSizeX":22.144506454467775,"colliderSizeY":4.126269817352295,"colliderSizeZ":49.64596939086914,"tag":"PhysicEntity","hasChild":false},{"nombre":"cubo","posX":-229.83999633789063,"posY":-58.73500061035156,"posZ":370.9100036621094,"sizeX":52.61615753173828,"sizeY":6.386470317840576,"sizeZ":34.7735595703125,"rotX":0.0,"rotY":327.0055236816406,"rotZ":0.0,"masa":0.0,"colliderX":0.0,"colliderY":0.0,"colliderZ":0.0,"colliderSizeX":52.61615753173828,"colliderSizeY":6.386470317840576,"colliderSizeZ":34.7735595703125,"tag":"PhysicEntity","hasChild":false},{"nombre":"cubo","posX":131.39999389648438,"posY":-56.0,"posZ":173.89999389648438,"sizeX":15.159168243408204,"sizeY":4.1717000007629398,"sizeZ":23.53030014038086,"rotX":29.34099769592285,"rotY":340.0,"rotZ":4.89706906137144e-7,"masa":0.0,"colliderX":0.0,"colliderY":0.0,"colliderZ":0.0,"colliderSizeX":15.159168243408204,"colliderSizeY":4.1717000007629398,"colliderSizeZ":23.53030014038086,"tag":"PhysicEntity","hasChild":false},{"nombre":"cubo","posX":-124.12999725341797,"posY":-58.73500061035156,"posZ":368.80999755859377,"sizeX":22.236328125,"sizeY":6.386470317840576,"sizeZ":9.765045166015625,"rotX":0.0,"rotY":0.0,"rotZ":0.0,"masa":0.0,"colliderX":0.0,"colliderY":0.0,"colliderZ":0.0,"colliderSizeX":22.236328125,"colliderSizeY":6.386470317840576,"colliderSizeZ":9.765045166015625,"tag":"PhysicEntity","hasChild":false},{"nombre":"cubo","posX":13.621999740600586,"posY":-53.29999923706055,"posZ":393.42999267578127,"sizeX":5.148949146270752,"sizeY":16.494091033935548,"sizeZ":5.398258686065674,"rotX":0.0,"rotY":0.0,"rotZ":0.0,"masa":0.0,"colliderX":0.0,"colliderY":0.0,"colliderZ":0.0,"colliderSizeX":5.148949146270752,"colliderSizeY":16.494091033935548,"colliderSizeZ":5.398258686065674,"tag":"PhysicEntity","hasChild":false},{"nombre":"AsaltoDrop","posX":-52.124000549316409,"posY":-60.59600067138672,"posZ":418.6000061035156,"sizeX":2.5030198097229006,"sizeY":2.503019332885742,"sizeZ":2.503019332885742,"rotX":0.0,"rotY":0.0,"rotZ":0.0,"masa":0.0,"colliderX":0.0,"colliderY":0.0,"colliderZ":0.0,"colliderSizeX":2.5030198097229006,"colliderSizeY":2.503019332885742,"colliderSizeZ":2.503019332885742,"tag":"AsaltoDrop","hasChild":false},{"nombre":"cubo","posX":-262.79998779296877,"posY":-58.73500061035156,"posZ":158.1999969482422,"sizeX":29.390979766845704,"sizeY":6.386469841003418,"sizeZ":71.7348403930664,"rotX":0.0,"rotY":0.0,"rotZ":0.0,"masa":0.0,"colliderX":0.0,"colliderY":0.0,"colliderZ":0.0,"colliderSizeX":29.390979766845704,"colliderSizeY":6.386469841003418,"colliderSizeZ":71.7348403930664,"tag":"PhysicEntity","hasChild":false},{"nombre":"cubo","posX":97.80000305175781,"posY":-92.30000305175781,"posZ":63.900001525878909,"sizeX":104.45782470703125,"sizeY":4.1717000007629398,"sizeZ":57.788780212402347,"rotX":0.0,"rotY":0.0,"rotZ":0.0,"masa":0.0,"colliderX":0.0,"colliderY":0.0,"colliderZ":0.0,"colliderSizeX":104.45782470703125,"colliderSizeY":4.1717000007629398,"colliderSizeZ":57.788780212402347,"tag":"PhysicEntity","hasChild":false},{"nombre":"RocketDrop","posX":-420.25,"posY":-4.099999904632568,"posZ":40.59000015258789,"sizeX":2.5,"sizeY":2.5,"sizeZ":2.5,"rotX":0.0,"rotY":0.0,"rotZ":0.0,"masa":0.0,"colliderX":0.0,"colliderY":0.0,"colliderZ":0.0,"colliderSizeX":2.5,"colliderSizeY":2.5,"colliderSizeZ":2.5,"tag":"RocketLauncherDrop","hasChild":false},{"nombre":"cubo","posX":-332.0,"posY":-44.5,"posZ":-33.70000076293945,"sizeX":20.808109283447267,"sizeY":8.75643539428711,"sizeZ":23.650588989257814,"rotX":0.0,"rotY":0.0,"rotZ":0.0,"masa":0.0,"colliderX":0.0,"colliderY":0.0,"colliderZ":0.0,"colliderSizeX":20.808109283447267,"colliderSizeY":8.75643539428711,"colliderSizeZ":23.650588989257814,"tag":"PhysicEntity","hasChild":false},{"nombre":"Spawn","posX":-28.3700008392334,"posY":-16.533000946044923,"posZ":300.8900146484375,"sizeX":0.8343399167060852,"sizeY":0.8343397974967957,"sizeZ":0.8343397974967957,"rotX":0.0,"rotY":0.0,"rotZ":0.0,"masa":0.0,"colliderX":0.0,"colliderY":0.0,"colliderZ":0.0,"colliderSizeX":0.8343399167060852,"colliderSizeY":0.8343397974967957,"colliderSizeZ":0.8343397974967957,"tag":"Spawn","hasChild":false},{"nombre":"cubo","posX":-390.8299865722656,"posY":-16.1200008392334,"posZ":-25.440000534057618,"sizeX":15.202024459838868,"sizeY":3.773453712463379,"sizeZ":16.428546905517579,"rotX":24.999996185302736,"rotY":90.0,"rotZ":0.0,"masa":0.0,"colliderX":0.0,"colliderY":0.0,"colliderZ":0.0,"colliderSizeX":15.202024459838868,"colliderSizeY":3.773453712463379,"colliderSizeZ":16.428546905517579,"tag":"PhysicEntity","hasChild":false},{"nombre":"Spawn","posX":-236.0,"posY":-45.236000061035159,"posZ":-45.099998474121097,"sizeX":0.83433997631073,"sizeY":0.83433997631073,"sizeZ":0.83433997631073,"rotX":0.0,"rotY":0.0,"rotZ":0.0,"masa":0.0,"colliderX":0.0,"colliderY":0.0,"colliderZ":0.0,"colliderSizeX":0.83433997631073,"colliderSizeY":0.83433997631073,"colliderSizeZ":0.83433997631073,"tag":"Spawn","hasChild":false},{"nombre":"PistolaDrop","posX":-33.435001373291019,"posY":-60.59600067138672,"posZ":418.6000061035156,"sizeX":2.5030198097229006,"sizeY":2.503019332885742,"sizeZ":2.503019332885742,"rotX":0.0,"rotY":0.0,"rotZ":0.0,"masa":0.0,"colliderX":0.0,"colliderY":0.0,"colliderZ":0.0,"colliderSizeX":2.5030198097229006,"colliderSizeY":2.503019332885742,"colliderSizeZ":2.503019332885742,"tag":"PistolaDrop","hasChild":false},{"nombre":"Cargo_container_01","posX":-15.413000106811524,"posY":18.799999237060548,"posZ":-194.3000030517578,"sizeX":0.8343400359153748,"sizeY":0.8343397974967957,"sizeZ":0.8343410491943359,"rotX":0.0,"rotY":90.0,"rotZ":0.0,"masa":800.0,"colliderX":0.0,"colliderY":5.0,"colliderZ":0.0,"colliderSizeX":27.270000457763673,"colliderSizeY":10.800000190734864,"colliderSizeZ":10.5,"tag":"PhysicEntity","hasChild":false},{"nombre":"Cargo_container_01","posX":45.99399948120117,"posY":18.799999237060548,"posZ":-147.3000030517578,"sizeX":0.8343399167060852,"sizeY":0.8343397974967957,"sizeZ":0.8343397974967957,"rotX":0.0,"rotY":0.0,"rotZ":0.0,"masa":800.0,"colliderX":0.0,"colliderY":5.0,"colliderZ":0.0,"colliderSizeX":27.270000457763673,"colliderSizeY":10.800000190734864,"colliderSizeZ":10.5,"tag":"PhysicEntity","hasChild":false},{"nombre":"hummer_nfsu2","posX":-30.100000381469728,"posY":11.600000381469727,"posZ":-32.599998474121097,"sizeX":6.130984783172607,"sizeY":6.130997657775879,"sizeZ":6.130997657775879,"rotX":0.0,"rotY":0.0,"rotZ":0.0,"masa":499.9999694824219,"colliderX":0.0,"colliderY":0.23999999463558198,"colliderZ":0.07000000029802323,"colliderSizeX":1.9500000476837159,"colliderSizeY":1.840000033378601,"colliderSizeZ":4.539999961853027,"tag":"PhysicEntity","hasChild":false},{"nombre":"Cargo_container_01","posX":45.99399948120117,"posY":8.199999809265137,"posZ":-147.3000030517578,"sizeX":0.8343399167060852,"sizeY":0.8343397974967957,"sizeZ":0.8343397974967957,"rotX":0.0,"rotY":0.0,"rotZ":0.0,"masa":800.0,"colliderX":0.0,"colliderY":5.0,"colliderZ":0.0,"colliderSizeX":27.270000457763673,"colliderSizeY":10.800000190734864,"colliderSizeZ":10.5,"tag":"PhysicEntity","hasChild":false},{"nombre":"Cargo_container_01","posX":8.031499862670899,"posY":18.799999237060548,"posZ":-194.3000030517578,"sizeX":0.8343400359153748,"sizeY":0.8343397974967957,"sizeZ":0.8343410491943359,"rotX":0.0,"rotY":90.0,"rotZ":0.0,"masa":800.0,"colliderX":0.0,"colliderY":5.0,"colliderZ":0.0,"colliderSizeX":27.270000457763673,"colliderSizeY":10.800000190734864,"colliderSizeZ":10.5,"tag":"PhysicEntity","hasChild":false},{"nombre":"Cargo_container_01","posX":22.548999786376954,"posY":8.199999809265137,"posZ":-147.3000030517578,"sizeX":0.8343399167060852,"sizeY":0.8343397974967957,"sizeZ":0.8343397974967957,"rotX":0.0,"rotY":0.0,"rotZ":0.0,"masa":800.0,"colliderX":0.0,"colliderY":5.0,"colliderZ":0.0,"colliderSizeX":27.270000457763673,"colliderSizeY":10.800000190734864,"colliderSizeZ":10.5,"tag":"PhysicEntity","hasChild":false},{"nombre":"hummer_nfsu2","posX":-65.19999694824219,"posY":11.600000381469727,"posZ":-28.200000762939454,"sizeX":6.1309919357299809,"sizeY":6.13100004196167,"sizeZ":6.131001949310303,"rotX":0.0,"rotY":90.0,"rotZ":0.0,"masa":499.9999694824219,"colliderX":0.0,"colliderY":0.23999999463558198,"colliderZ":0.07000000029802323,"colliderSizeX":1.9500000476837159,"colliderSizeY":1.840000033378601,"colliderSizeZ":4.539999961853027,"tag":"PhysicEntity","hasChild":false},{"nombre":"Cargo_container_01","posX":22.548999786376954,"posY":18.799999237060548,"posZ":-147.3000030517578,"sizeX":0.8343399167060852,"sizeY":0.8343397974967957,"sizeZ":0.8343397974967957,"rotX":0.0,"rotY":0.0,"rotZ":0.0,"masa":800.0,"colliderX":0.0,"colliderY":5.0,"colliderZ":0.0,"colliderSizeX":27.270000457763673,"colliderSizeY":10.800000190734864,"colliderSizeZ":10.5,"tag":"PhysicEntity","hasChild":false},{"nombre":"Cargo_container_01","posX":-15.413000106811524,"posY":8.199999809265137,"posZ":-194.3000030517578,"sizeX":0.8343400359153748,"sizeY":0.8343397974967957,"sizeZ":0.8343410491943359,"rotX":0.0,"rotY":90.0,"rotZ":0.0,"masa":800.0,"colliderX":0.0,"colliderY":5.0,"colliderZ":0.0,"colliderSizeX":27.270000457763673,"colliderSizeY":10.800000190734864,"colliderSizeZ":10.5,"tag":"PhysicEntity","hasChild":false},{"nombre":"Cargo_container_01","posX":8.031499862670899,"posY":8.199999809265137,"posZ":-194.3000030517578,"sizeX":0.8343400359153748,"sizeY":0.8343397974967957,"sizeZ":0.8343410491943359,"rotX":0.0,"rotY":90.0,"rotZ":0.0,"masa":800.0,"colliderX":0.0,"colliderY":5.0,"colliderZ":0.0,"colliderSizeX":27.270000457763673,"colliderSizeY":10.800000190734864,"colliderSizeZ":10.5,"tag":"PhysicEntity","hasChild":false}]
